[
{
	"col1": "P_Id",
	"col2": "P_Title",
	"col3": "P_Joural_Name",
	"col4": "P_Indexing",
	"col5": "P_IF_State",
	"col6": "P_IF_Value",
	"col7": "P_IF_Source",
	"col8": "P_DOP",
	"col9": "P_DOI",
	"col10": "P_Page_Nos",
	"col11": "P_ISSN",
	"col12": "P_Volume",
	"col13": "P_Issue",
	"col14": "P_Journal_Source",
	"col15": "P_Paper_Source"
},
{
	"col1": "17180000",
	"col2": "CSR-AODV: A Crypto Secured On-Demand Routing Protocol For Cognitive Radio Ad Hoc Networks",
	"col3": "Helix",
	"col4": "E-SCI",
	"col5": "NIL",
	"col6": "NIL",
	"col7": "NIL",
	"col8": "2018-04-01",
	"col9": "DOI:10.29042/2018",
	"col10": "3383-3393",
	"col11": "",
	"col12": "8",
	"col13": "3",
	"col14": "",
	"col15": "https://www.medsci.cn/sci/show_paper.asp?id=fdec011e1765c578"
},
{
	"col1": "17180001",
	"col2": "A Survey on Classification of  Routing Protocols in Wireless Networks",
	"col3": "International Journal on Recent and Innovation Trends in Computing and Communication,",
	"col4": "NIL",
	"col5": "NIL",
	"col6": "NIL",
	"col7": "NIL",
	"col8": "2017-06-01",
	"col9": "https://doi.org/10.17762/ijritcc.v5i6.805",
	"col10": "504-510",
	"col11": "ISSN:2321-8169",
	"col12": "155",
	"col13": "6",
	"col14": "",
	"col15": "https://ijritcc.org/index.php/ijritcc/article/view/805"
},
{
	"col1": "17180002",
	"col2": "Network Hypervisors Pros and Cons: A survey",
	"col3": "International Journal of Computer Sciences and Engineering,",
	"col4": "UGC Listed",
	"col5": "NIL",
	"col6": "NIL",
	"col7": "NIL",
	"col8": "2017-11-01",
	"col9": "NIL",
	"col10": "100-104",
	"col11": "ISSN:2347-2693",
	"col12": "5",
	"col13": "11",
	"col14": "",
	"col15": "https://www.ijcseonline.org/pdf_paper_view.php?paper_id=1548&17-IJCSE-02567.pdf"
},
{
	"col1": "17180003",
	"col2": "A CR-VANET Approach: Urban Eco-Route System Based on Air Quality",
	"col3": "Helix",
	"col4": "E-SCI",
	"col5": "NIL",
	"col6": "NIL",
	"col7": "NIL",
	"col8": "2018-06-01",
	"col9": "DOI:10.29042/2018",
	"col10": "3548-3556",
	"col11": "",
	"col12": "8",
	"col13": "4",
	"col14": "",
	"col15": "https://scholar.google.com/scholar?hl=en&as_sdt=0,5&cluster=4374115614163564292"
},
{
	"col1": "17180004",
	"col2": "Cyber Forensic Science to Diagnose Digital Crimes – A Study",
	"col3": "International Journal of Computer Trends and Technology,",
	"col4": "NIL",
	"col5": "NIL",
	"col6": "NIL",
	"col7": "NIL",
	"col8": "2017-08-01",
	"col9": "10.14445/22312803/IJCTT-V50P119",
	"col10": "107",
	"col11": "ISSN:2231-2803",
	"col12": "50",
	"col13": "2",
	"col14": "",
	"col15": "https://www.ijcttjournal.org/archives/ijctt-v50p119"
},
{
	"col1": "17180005",
	"col2": "Natural Language Query to Formal Syntax for Qyerying Semantic Web Documents",
	"col3": "Advances in Intelligent Systems and Computing",
	"col4": "Scopus",
	"col5": "YES",
	"col6": "0.174",
	"col7": "SJR",
	"col8": "2017-08-01",
	"col9": "DOI:10.1007/978-981-10-6875-1_62",
	"col10": "631",
	"col11": "ISBN978-981-10-6874-4",
	"col12": "50",
	"col13": "2",
	"col14": "NIL",
	"col15": "https://link.springer.com/chapter/10.1007/978-981-10-6875-1_62"
},
{
	"col1": "17180006",
	"col2": "Inhibiting Cognitive Bias in Forensic Investigation Using DNA Smart Card with IoT",
	"col3": "International Journal of Conntrol Theory and Applications",
	"col4": "Scopus",
	"col5": "yes",
	"col6": "0.104",
	"col7": "SJR",
	"col8": "1905-07-09",
	"col9": "NIL",
	"col10": "251",
	"col11": "ISSN:0974-5572",
	"col12": "10",
	"col13": "14",
	"col14": "https://www.scimagojr.com/journalsearch.php?q=21100231630&tip=sid&clean=0",
	"col15": "https://serialsjournals.com/abstract/13266_28-s._mahaboob_hussain.pdf"
},
{
	"col1": "17180007",
	"col2": "HPL Algorithm For Semantic Information Retrieval with RDF and SPARQL",
	"col3": "Journal of Industrial Pollution Control",
	"col4": "Scopus",
	"col5": "yes",
	"col6": "0.126",
	"col7": "SJR",
	"col8": "2017-09-01",
	"col9": "NIL",
	"col10": "1534-1541",
	"col11": "",
	"col12": "33",
	"col13": "2",
	"col14": "https://www.scimagojr.com/journalsearch.php?q=23413&tip=sid&clean=0",
	"col15": "https://www.icontrolpollution.com/peer-reviewed/hpl-algorithm-for-semantic-information-retrieval-with-rdfrnand-sparql-86310.html"
},
{
	"col1": "17180008",
	"col2": "A novel approach to human emotion recognition based on displacement of facial feature points",
	"col3": "International Journal of Advanced Research in Computer and Communication Engineering (IJARCCE)",
	"col4": "NIL",
	"col5": "NIL",
	"col6": "NIL",
	"col7": "NIL",
	"col8": "2018-01-01",
	"col9": "DOI 10.17148/IJARCCE.2018.7126",
	"col10": "161-166",
	"col11": "ISSN: 2278-1021",
	"col12": "7",
	"col13": "1",
	"col14": "NIL",
	"col15": "https://ijarcce.com/upload/2018/january-18/IJARCCE%2026.pdf"
},
{
	"col1": "17180009",
	"col2": "A novel approach to identify the Cosine Similarity using TF-IDF",
	"col3": "International Journal of Advanced Research in Computer and Communication Engineering",
	"col4": "NIL",
	"col5": "NIL",
	"col6": "NIL",
	"col7": "NIL",
	"col8": "2017-06-01",
	"col9": "DOI:10.17148/IJARCCE.2017.6640",
	"col10": "226-230",
	"col11": "ISSN (Print) 2319 5940",
	"col12": "6",
	"col13": "6",
	"col14": "NIL",
	"col15": "http://ijarcce.com/upload/2017/june-17/IJARCCE%2040.pdf"
},
{
	"col1": "17180010",
	"col2": "An Efficient Clustering Approach using DBSCAN",
	"col3": "Helix",
	"col4": "ESCI",
	"col5": "NIL",
	"col6": "NIL",
	"col7": "",
	"col8": "2018-04-01",
	"col9": "DOI:10.29042/2018-3399-3405",
	"col10": "3399-3405",
	"col11": "ISSN:2319-5592",
	"col12": "8",
	"col13": "3",
	"col14": "NIL",
	"col15": "https://www.researchgate.net/publication/329392203_An_Efficient_Clustering_Approach_using_DBSCAN"
},
{
	"col1": "17180011",
	"col2": "An Efficient Video Processing Technique to Detect Movie Piracy Using Map Reduce",
	"col3": "Journal of Computational Intelligence Theory and its Applications",
	"col4": "NIL",
	"col5": "NIL",
	"col6": "NIL",
	"col7": "NIL",
	"col8": "2017-09-01",
	"col9": "NIL",
	"col10": "1 to 13",
	"col11": "",
	"col12": "2",
	"col13": "3",
	"col14": "NIL",
	"col15": "https://scholar-google-com.translate.goog/citations?view_op=view_citation&hl=vi&user=8UJDOUMAAAAJ&sortby=pubdate&citation_for_view=8UJDOUMAAAAJ:KlAtU1dfN6UC&_x_tr_sl=vi&_x_tr_tl=en&_x_tr_hl=en&_x_tr_pto=nui,sc"
},
{
	"col1": "17180012",
	"col2": "An Efficient Keyword Based Search of Big Data Using Map Reduce",
	"col3": "Journal of Advances In Information Technology",
	"col4": "NIL",
	"col5": "NIL",
	"col6": "NIL",
	"col7": "NIL",
	"col8": "2017-08-01",
	"col9": "doi: 10.12720/jait.8.3.159-164",
	"col10": "159-164",
	"col11": "NIL",
	"col12": "8",
	"col13": "3",
	"col14": "NIL",
	"col15": "http://www.jait.us/index.php?m=content&c=index&a=show&catid=180&id=1007"
},
{
	"col1": "17180013",
	"col2": "An IoT application for environmental monitoring and control using Raspberry-Pi",
	"col3": "International Journal of Engineering and Technology (IJET)",
	"col4": "Scopous",
	"col5": "YES",
	"col6": "0.18",
	"col7": "SJR",
	"col8": "2017-07-01",
	"col9": "DOI:10.21817/ijet/2017/v9i3/170903S082",
	"col10": "546-552",
	"col11": "2319-8613 (Print)",
	"col12": "9",
	"col13": "3s",
	"col14": "https://www.scimagojr.com/journalsearch.php?q=21100805731&tip=sid&clean=0",
	"col15": "http://www.enggjournals.com/ijet/abstract.html?file=17-09-03S-082"
},
{
	"col1": "17180014",
	"col2": "A Survey of Feature Selection Techniques in Intrusion Detection System: A Soft Computing Perspective",
	"col3": "Advances in Intelligent Systems and Computing",
	"col4": "Scopous",
	"col5": "YES",
	"col6": "0.174",
	"col7": "SJR",
	"col8": "2018-01-01",
	"col9": "DOI:10.1007/978-981-10-7871-2_75",
	"col10": "785-793",
	"col11": "NIL",
	"col12": "710",
	"col13": "NIL",
	"col14": "https://www.scimagojr.com/journalsearch.php?q=5100152904&tip=sid&clean=0",
	"col15": "https://link.springer.com/chapter/10.1007%2F978-981-10-7871-2_75"
},
{
	"col1": "17180015",
	"col2": "Home Automation Using Telegram Bot",
	"col3": "International Journal of Research in Information Technology (IJRIT)",
	"col4": "NIL",
	"col5": "NIL",
	"col6": "NIL",
	"col7": "NIL",
	"col8": "2017-06-01",
	"col9": "NIL",
	"col10": "13-Jul",
	"col11": "ISSN 2001-5569",
	"col12": "6",
	"col13": "5",
	"col14": "NIL",
	"col15": "http://www.ijrit.com/archives/volume-5-issue-6?tmpl=%2Fsystem%2Fapp%2Ftemplates%2Fprint%2F&showPrintDialog=1"
},
{
	"col1": "17180016",
	"col2": "Ranking Web Pages using Ant Rank and Bee Colony Algorithm",
	"col3": "International Journal of Advanced Research in Computer and Communication Engineering (IJARCEE)",
	"col4": "NIL",
	"col5": "NIL",
	"col6": "NIL",
	"col7": "NIL",
	"col8": "2017-07-01",
	"col9": "DOI10.17148/IJARCCE.2017.6743",
	"col10": "250",
	"col11": "ISSN:2278-102",
	"col12": "6",
	"col13": "7",
	"col14": "NIL",
	"col15": "https://www.ijarcce.com/upload/2017/july-17/IJARCCE%2043.pdf"
},
{
	"col1": "17180017",
	"col2": "REHDFS: A Random read/write enhanced HDFS",
	"col3": "Journal of Network and Computer Applications- ELSEVIER",
	"col4": "Web of Science(SCIE)",
	"col5": "NIL",
	"col6": "NIL",
	"col7": "NIL",
	"col8": "2017-12-01",
	"col9": "https://doi.org/10.1016/j.jnca.2017.11.017",
	"col10": "85-100",
	"col11": "",
	"col12": "",
	"col13": "103",
	"col14": "https://mjl.clarivate.com/journal-profile",
	"col15": "https://www.sciencedirect.com/science/article/abs/pii/S108480451730396X#:~:text=A%20random%20read%2Fwrite%20enhanced%20HDFS%20(REHDFS),the%20user%20to%20override%20it."
},
{
	"col1": "17180018",
	"col2": "A Secure Framework for Authentication of Documents in Cloud",
	"col3": "Helix",
	"col4": "ESCI",
	"col5": "NIL",
	"col6": "NIL",
	"col7": "NIL",
	"col8": "2018-04-30",
	"col9": "DOI 10.29042/2018-3406-3412",
	"col10": "3406-3412",
	"col11": "2319 –5592",
	"col12": "8",
	"col13": "3",
	"col14": "NIL",
	"col15": "http://docplayer.net/147120503-A-secure-framework-for-authentication-of-documents-in-cloud-1.html"
},
{
	"col1": "17180019",
	"col2": "An Intelligent Network Traffic Based Botnet Detection System",
	"col3": "International Journal Of Current Engineering And Scientific Research (IJCESR)",
	"col4": "NIL",
	"col5": "NIL",
	"col6": "NIL",
	"col7": "NIL",
	"col8": "1905-07-10",
	"col9": "NIL",
	"col10": "45",
	"col11": "ISSN : 2393-8374",
	"col12": "5",
	"col13": "4",
	"col14": "NIL",
	"col15": "http://troindia.in/journal/ijcesr/vol5iss4part11/45-49.pdf"
},
{
	"col1": "17180020",
	"col2": "Automated Video Surveillance System for Detection of Suspicious Activities during Academic Offline Examination",
	"col3": "International Journal of Engineering Research in Computer Science and Engineering (IJERCSE)",
	"col4": "NIL",
	"col5": "NIL",
	"col6": "NIL",
	"col7": "NIL",
	"col8": "2018-01-01",
	"col9": "nil",
	"col10": "193-196",
	"col11": "ISSN (Online) 2394-232",
	"col12": "5",
	"col13": "1",
	"col14": "NIL",
	"col15": "https://www.technoarete.org/common_abstract/pdf/IJERCSE/v5/i1/Ext_36825.pdf"
},
{
	"col1": "17180021",
	"col2": "Forensics Data Analysis  for Behavioral Pattern with Cognitive Predictive Task”, in Communications in Computer & Information Science(book Chapter)",
	"col3": "Third International Conference, NGCT 2017, Dehradun, India, October 30-31, 2017",
	"col4": "Scopus",
	"col5": "NIL",
	"col6": "NIL",
	"col7": "NIL",
	"col8": "2017-10-31",
	"col9": "Doi.org/10.1007/978-981-10-8657-1_41",
	"col10": "549-557",
	"col11": "ISBN: 978-981-10-8656-4",
	"col12": "",
	"col13": "",
	"col14": "NIL",
	"col15": "https://www.springerprofessional.de/en/forensics-data-analysis-for-behavioral-pattern-with-cognitive-pr/15832974"
},
{
	"col1": "17180022",
	"col2": "An Integrated Approach for Quality of Service (QoS) with Security in VANET’S(Book Chapter)",
	"col3": "International Conference on Computer Networks and Inventive Communication Technologies (ICCNT-2018), 2018",
	"col4": "SCOPUS",
	"col5": "NIL",
	"col6": "NIL",
	"col7": "NIL",
	"col8": "2018-09-18",
	"col9": "https://doi.org/10.1007/978-981-10-8681-6_63",
	"col10": "NIL",
	"col11": "Print ISBN978-981-10-8680-9",
	"col12": "15",
	"col13": "",
	"col14": "NIL",
	"col15": "https://link.springer.com/chapter/10.1007/978-981-10-8681-6_63#citeas"
},
{
	"col1": "17180023",
	"col2": "Smart-Trace: A Future Security Aid Using Body Odor Sensing of an Individual with IoT",
	"col3": "International Conference on Advances in IoT & Connected Technologies (ICIoTCT 2018), Jaipur",
	"col4": "Scopus",
	"col5": "NIL",
	"col6": "NIL",
	"col7": "NIL",
	"col8": "2018-05-01",
	"col9": "http://dx.doi.org/10.2139/ssrn.3166726",
	"col10": "NIL",
	"col11": "NIL",
	"col12": "",
	"col13": "",
	"col14": "NIL",
	"col15": "https://papers.ssrn.com/sol3/papers.cfm?abstract_id=3166726"
},
{
	"col1": "17180024",
	"col2": "Cogno-Detective system for body odor sensing",
	"col3": "IEEE International Conference on Computational Intelligence and Computing Research (ICCIC), Coimbatore, India, 2017",
	"col4": "SCOPUS",
	"col5": "NIL",
	"col6": "NIL",
	"col7": "NIL",
	"col8": "2017-12-15",
	"col9": "DOI:978-1-5090-6621-6/17",
	"col10": "1 to 3",
	"col11": "NIL",
	"col12": "",
	"col13": "",
	"col14": "NIL",
	"col15": "https://ieeexplore.ieee.org/document/8523823?denied="
},
{
	"col1": "17180025",
	"col2": "Combining Fuzzy C-Means and KNN Algorithms in Performance Improvement of Intrusion Detection System",
	"col3": "Proceeding of International Conference on Computational Intelligence and Data Engineering, 2018",
	"col4": "SCOPUS",
	"col5": "NIL",
	"col6": "NIL",
	"col7": "NIL",
	"col8": "2018-01-01",
	"col9": "hnp~ ://<loi .org/ I 0.10071978 -981 - 10-6319-0 30",
	"col10": "359",
	"col11": "NIL",
	"col12": "NIL",
	"col13": "NIL",
	"col14": "NIL",
	"col15": "https://www.springerprofessional.de/en/combining-fuzzy-c-means-and-knn-algorithms-in-performance-improv/15322200"
}]